<?xml version="1.0" encoding="UTF-8"?>
<project-private xmlns="http://www.netbeans.org/ns/project-private/1">
    <editor-bookmarks xmlns="http://www.netbeans.org/ns/editor-bookmarks/2" lastBookmarkId="0"/>
    <open-files xmlns="http://www.netbeans.org/ns/projectui-open-files/2">
        <group>
            <file>file:/Users/MattCasiro/Dropbox/Camosun/comp139/labs/lab07/src/lab07/EventSimulator.java</file>
            <file>file:/Users/MattCasiro/Dropbox/Camosun/comp139/labs/lab07/src/lab07/ElevatorSystem.java</file>
            <file>file:/Users/MattCasiro/Dropbox/Camosun/comp139/labs/lab07/src/lab07/Elevator.java</file>
            <file>file:/Users/MattCasiro/Dropbox/Camosun/comp139/labs/lab07/test/lab07/EventSimulatorInterfaceTest2.java</file>
        </group>
    </open-files>
</project-private>
